{
  "hash": "2ef7a8df",
  "configHash": "5330460a",
  "lockfileHash": "4c7854d6",
  "browserHash": "bdd22df2",
  "optimized": {
    "@angular/core": {
      "src": "../../../../../../node_modules/@angular/core/fesm2022/core.mjs",
      "file": "@angular_core.js",
      "fileHash": "3f68b9fc",
      "needsInterop": false
    },
    "@angular/platform-browser": {
      "src": "../../../../../../node_modules/@angular/platform-browser/fesm2022/platform-browser.mjs",
      "file": "@angular_platform-browser.js",
      "fileHash": "3a47a988",
      "needsInterop": false
    },
    "@angular/router": {
      "src": "../../../../../../node_modules/@angular/router/fesm2022/router.mjs",
      "file": "@angular_router.js",
      "fileHash": "d8ced734",
      "needsInterop": false
    },
    "@angular/common/http": {
      "src": "../../../../../../node_modules/@angular/common/fesm2022/http.mjs",
      "file": "@angular_common_http.js",
      "fileHash": "db176a51",
      "needsInterop": false
    },
    "rxjs": {
      "src": "../../../../../../node_modules/rxjs/dist/esm5/index.js",
      "file": "rxjs.js",
      "fileHash": "1e5575f2",
      "needsInterop": false
    },
    "@angular/common": {
      "src": "../../../../../../node_modules/@angular/common/fesm2022/common.mjs",
      "file": "@angular_common.js",
      "fileHash": "81dc0722",
      "needsInterop": false
    }
  },
  "chunks": {
    "chunk-XY2ZTLTC": {
      "file": "chunk-XY2ZTLTC.js"
    },
    "chunk-4EP3GKUQ": {
      "file": "chunk-4EP3GKUQ.js"
    },
    "chunk-BBS7MU37": {
      "file": "chunk-BBS7MU37.js"
    },
    "chunk-WN35FCBX": {
      "file": "chunk-WN35FCBX.js"
    },
    "chunk-S35MAB2V": {
      "file": "chunk-S35MAB2V.js"
    }
  }
}